{"count":1,"self":51.314198399999995,"total":150.014568,"children":{"AgentSendState":{"count":117284,"self":1.1306015999999999,"total":3.5376535999999996,"children":{"CollectObservations":{"count":375312,"self":0.26082479999999997,"total":0.26082479999999997,"children":null},"CollectDiscreteActionMasks":{"count":375312,"self":0.0808151,"total":0.0808151,"children":null},"AgentInfo.ToProto":{"count":375312,"self":0.438932,"total":2.0654121,"children":{"GenerateSensorData":{"count":375312,"self":1.6264801,"total":1.6264801,"children":null}}}}},"DecideAction":{"count":117284,"self":94.2137856,"total":94.2137881,"children":null},"AgentAct":{"count":117284,"self":0.8681105,"total":0.8681105,"children":null},"AgentInfo.ToProto":{"count":6670,"self":0.0339133,"total":0.0808183,"children":{"GenerateSensorData":{"count":6670,"self":0.046904999999999995,"total":0.046904999999999995,"children":null}}}},"gauges":{"MoveToGoal.CumulativeReward":{"count":6670,"max":10,"min":-10,"runningAverage":7.84423447,"value":10,"weightedAverage":7.64543152}},"metadata":{"timer_format_version":"0.1.0","start_time_seconds":"1639162441","unity_version":"2020.3.24f1","command_line_arguments":"C:\\Program Files\\Unity\\2020.3.24f1\\Editor\\Unity.exe -projectpath C:\/Git\/Sample_ML01 -useHub -hubIPC -cloudEnvironment production -hubSessionId 2618b8e0-59e5-11ec-b680-2d96dfa16f0a","communication_protocol_version":"1.0.0","com.unity.ml-agents_version":"1.0.8","scene_name":"SampleScene","end_time_seconds":"1639162591"}}